industry_sector,activity_family,usage,taxon,crop_set,production,exclude
cattle,animal_farming,,bos,,,false
beef_cattle,animal_farming,meat,bos,,,false
dairy_cattle,animal_farming,milk,bos,,,false
sheep,animal_farming,,ovis,,,false
meat_sheep,animal_farming,meat,ovis,,,false
dairy_sheep,animal_farming,milk,ovis,,,false
goats,animal_farming,,capra,,,false
pigs,animal_farming,,sus,,,false
poultry,animal_farming,,phasianidae,,,false
poultry,animal_farming,,anatidae,,,false
poultry,animal_farming,,numididae,,,false
poultry,,,,,pigeon,false
poultry,,,,,quail,false
equines,animal_farming,,equus,,,false
rabbits,animal_farming,,oryctolagus,,,false
beekeeping,animal_farming,,apis,,,false
aquaculture,animal_farming,fish,,,,false
aquaculture,animal_farming,shellfish,,,,false
aquaculture,animal_farming,caviar,,,,false
other_livestock,,,,,buffalo,false
other_livestock,,,,,deer,false
other_livestock,,,,,fallow_deer,false
other_livestock,,,,,alpaca,false
other_livestock,,,,,llama,false
other_livestock,,,,,ostrich,false
other_livestock,,,,,snail,false
other_livestock,,,,,earthworm,false
other_livestock,,,,,insect,false
cereals,plant_farming,grain,,cereals,,false
cereals,,,,,cereal,false
cereals,,,,,cereal_mix,false
cereals,,,,,quinoa,false
cereals,,,,,relay_cover,true
cereals,,,,,summery_cover,true
cereals,,,,,wintry_cover,true
oilseeds,plant_farming,grain,,oleaginous,,false
oilseeds,,,,,oleaginous,false
oilseeds,,,,,oleaginous_mix,false
oilseeds,,,,,castor_bean,false
protein_crops,plant_farming,grain,fabaceae,,,false
protein_crops,,,,,spring_proteaginous_pea,false
protein_crops,,,,,winter_proteaginous_pea,false
protein_crops,,,,,peanut,true
industrial_crops,,,,,hemp,false
industrial_crops,,,,,fiber_flax,false
industrial_crops,,,,,tobacco,false
industrial_crops,,,,,hop,false
industrial_crops,,,,,sugar_cane,false
industrial_crops,,,,,miscanthus,false
industrial_crops,,,,,potato_starch,false
industrial_crops,,,,,root_chicory,false
industrial_crops,,,,,cotton,false
field_crops,,,,,potato,false
forage_grassland,plant_farming,fodder,,,,false
forage_grassland,,,,,inter_crop,true
forage_grassland,,,,,inter_crop_energy,true
forage_grassland,,,,,spring_fallow,true
forage_grassland,,,,,spring_proteaginous_pea,true
forage_grassland,,,,,winter_proteaginous_pea,true
grassland,plant_farming,meadow,,,,false
grassland,plant_farming,fodder,,meadow,,false
grassland,,,,,alfalfa,false
grassland,,,,,clover,false
grassland,,,,,sainfoin,false
grassland,,,,,oak,true
vegetables,plant_farming,vegetable,,,,false
vegetables,,,,,potato_starch,true
vegetables,,,,,root_chicory,true
fruits,plant_farming,fruit,,,,false
fruits,,,,,truffle,true
viticulture,,,vitis,,,false
ppam,plant_farming,,,aromatics_and_medicinals,,false
ppam,,,,,annual_ornamental_plant_and_mapp,false
ppam,,,,,perrenial_ornamental_plant_and_mapp,false
ppam,,,,,oregano,false
ppam,,,,,nettle,false
horticulture,plant_farming,flower,,,,false
horticulture,plant_farming,ornamental,,,,false
horticulture,,,,,nursery,false
horticulture,,,,,fruit_nursery,false
horticulture,,,,,vegetable_seedling,false
horticulture,,,,,annual_ornamental_plant_and_mapp,false
horticulture,,,,,perrenial_ornamental_plant_and_mapp,false
horticulture,,,,,cherry_laurel,false
horticulture,,,,,hop,true
seeds,plant_farming,seed,,,,false
seeds,,,,,nursery,true
forestry,plant_farming,wood,,,,false
forestry,plant_farming,wood_energy,,,,false
forestry,,,,,agroforestry,false
forestry,,,,,border_forest,false
