document_id,target_kind,target,action
chambres_d'agriculture_272195,area,department:23,remove
ifip_34774,area,department:23,remove
ifip_42038,area,department:23,remove
2492b2ad-d684-4e63-b9c0-87a28e412fe0,area,department:40,remove
db7e3d07-6f6c-48a1-b40f-26e6b4b419f4,area,department:40,remove
chambres_d'agriculture_291499,area,department:40,remove
chambres_d'agriculture_291505,area,department:40,remove
chambres_d'agriculture_291506,area,department:40,remove
chambres_d'agriculture_298999,area,department:40,remove
itavi_779,area,department:50,remove
