raw,canonical
ACTA,ACTA
IDELE,IDELE
idele – Institut de l’élevage,IDELE
INSTITUT DE L'ELEVAGE,IDELE
INSTITUT DE L'ELEVAGE - IDELE,IDELE
L'Institut de l'Elevage,IDELE
Arvalis,Arvalis
ARVALIS - Institut du Végétal,Arvalis
ARVALIS  Institut du Végétal,Arvalis
IFIP,IFIP
IFIP - Institut du Porc,IFIP
IFIP Institut du Porc,IFIP
ITAVI,ITAVI
"ITAVI
Institut technique des filières avicole, cunicole et piscicole",ITAVI
Terres Inovia,Terres Inovia
IFV,IFV
IFV (Institut Français de la Vigne et du Vin),IFV
IFV - Institut Français de la Vigne et du Vin,IFV
"IFV, Institut Français de la Vigne et du Vin",IFV
IFV INSTITUT FRANÇAIS DE LA VIGNE ET DU VIN,IFV
Institut Français de la Vigne et du Vin (IFV),IFV
CTIFL,CTIFL
Centre Technique Interprofessionnel des Fruits et Légumes (CTIFL),CTIFL
ITAB,ITAB
ITAB Institut Technique de l'Agriculture Biologique,ITAB
ITB,ITB
ITB Institut Technique de la Betterave,ITB
ITSAP,ITSAP
ITSAP Institut de l’abeille,ITSAP
ITSAP - Institut de l'abeille,ITSAP
ASTREDHOR,ASTREDHOR
ASTREDHOR - Institut de l'Horticulture,ASTREDHOR
ASTREDHOR (ex RATHO),ASTREDHOR
ASTREDHOR Ratho,ASTREDHOR
Innovations agronomiques,Innovations agronomiques
Innovations agronomiques 19,Innovations agronomiques
INRAE,INRAE
INRA,INRAE
LA COOPERATION AGRICOLE,La Coopération Agricole
COOP DE FRANCE,La Coopération Agricole
LCA,La Coopération Agricole
FN CUMA,FNCUMA
Fédération Nationales des coopératives d'utilisation de matériel agricole,FNCUMA
FR CUMA Grand Est,FRCUMA Grand Est
FRCUMA AuRA,FRCUMA Auvergne-Rhône-Alpes
FRCUMA Auv-RA,FRCUMA Auvergne-Rhône-Alpes
Afac-Agroforesteries,Afac-Agroforesteries
Afac-AF,Afac-Agroforesteries
Bio 63,Bio 63
GABB Anjou,GABB Anjou
GABBANJOU,GABB Anjou
GAB 44,GAB 44
BIOCIVAM 11,BioCivam 11
BIOCIVAM de l'AUDE,BioCivam 11
CivamBio66,CIVAM Bio 66
CIVAM BIO 66,CIVAM Bio 66
Réseau CIVAM,Réseau CIVAM
FNCIVAM,Réseau CIVAM
AGRIBIO Rhône & Loire,Agribio Rhône & Loire
AGRIBIOVAR,Agribio Var
Chambres d'agriculture,Chambres d'agriculture
