reference_name,activity_family,fra,eng,specie,usage,started_on,stopped_on,agroedi_crop_code,season,life_duration,idea_botanic_family,idea_specie_family,idea_output_family,color,support_unit
alfalfa,plant_farming,Luzerne,Alfalfa,medicago_sativa,fodder,01/02/00,31/01/01,ZCQ,,10,,,,,hectare
almond,plant_farming,Amande,Almond,prunus_dulcis,fruit,01/11/00,31/08/01,,,25,,,,,hectare
angelica,plant_farming,Angélique,Angelica,angelica,plant,01/11/00,31/08/01,E21,,,,,,,hectare
anise,plant_farming,Anis,Anise,pimpinella_anisum,grain,01/04/00,30/09/00,E22,,,,,,,hectare
annual_fruit,plant_farming,Fruit annuel,Annual fruit,plant,fruit,01/10/00,31/08/01,J01,,,,,,,hectare
annual_ornamental_plant_and_mapp,plant_farming,Plante ornementale et PPAM annuelle,Annual ornamental plant and MAPP,plant,plant,01/10/00,31/08/01,,,,,,,,hectare
annual_vegetable,plant_farming,Légume annuel,Annual vegetable,plant,vegetable,01/10/00,31/08/01,J02,,,,,,,hectare
apple,plant_farming,Pomme,Apple,malus_domestica,fruit,01/03/00,30/06/00,G21,,25,,,,,hectare
apricot,plant_farming,Abricot,Apricot,prunus_armeniaca,fruit,01/11/00,31/08/01,E01,,25,,,,,hectare
artichoke,plant_farming,Artichaut,Artichoke,cynara_scolymus,vegetable,01/03/00,31/10/00,ZAJ,,,asteraceae,cynara_cardunculus,root_tuber_bulb,,hectare
asparagus,plant_farming,Asperge,Asparagus,asparagus_officianalis,vegetable,01/03/00,31/10/00,ZAK,,,asparagaceae,asparagus_officinalis,root_tuber_bulb,,hectare
avocado,plant_farming,Avocat,Avocado,persea_americana,fruit,01/10/00,31/08/01,E27,,15,,,,,hectare
banana,plant_farming,Banane,Banana,musa,fruit,01/10/00,31/08/01,E34,,25,,,,,hectare
basil,plant_farming,Basilic,Basil,ocimum_basilicum,plant,01/03/00,31/10/00,E36,,,,,,,hectare
batavia,plant_farming,Batavia,Batavia,lactuca_sativa_capitata,vegetable,01/04/00,31/10/00,ZCJ,,,asteraceae,lactuca_sativa,root_tuber_bulb,,hectare
beetroot,plant_farming,Betterave,Beetroot,beta_vulgaris_vulgaris,vegetable,01/04/00,31/10/00,ZAP,,,chenopodiaceae,beta_vulgaris,root_tuber_bulb,,hectare
bilberry,plant_farming,Myrtille,Bilberry,vaccinium,fruit,01/08/00,31/07/01,F79,,10,,,,,hectare
birds_foot,plant_farming,Serradelle,Birds foot,ornithopus_sativus,fodder,01/10/00,31/08/01,ZEK,,,,,,,hectare
birds_foot_trefoil,plant_farming,Lotier,Birds foot trefoil,lotus_corniculatus,fodder,01/03/00,31/08/00,H68,,5,,,,,hectare
black_elderberry,plant_farming,Sureau noir,Black elderberry,sambucus_nigra,flower,01/06/00,31/05/01,G58,,5,,,,,hectare
black_eyed_pea,plant_farming,Cornille,Black eyed pea,vigna_unguiculata_unguiculata,grain,01/10/00,31/08/01,,,,,,,,hectare
black_medick,plant_farming,Minette,Black medick,medicago_lupulina,fodder,01/08/00,31/01/01,ZCY,,,,,,,hectare
black_psyllium,plant_farming,Plantain pucier,Black psyllium,plantago_afra,grain,01/10/00,31/08/01,G17,,,,,,,hectare
blackberry,plant_farming,Mûre (ronce),Blackberry,rubus,fruit,01/08/00,31/07/01,F73,,10,,,,,hectare
blackcurrant,plant_farming,Cassis,Blackcurrant,ribes_nigrum,fruit,01/03/00,30/11/00,ZAW,,10,,,,,hectare
blond_psyllium,plant_farming,Ispaghul,Blond psyllium,plantago_ovata,grain,01/10/00,31/08/01,F36,,,,,,,hectare
borage,plant_farming,Bourrache,Borage,borago,flower,01/10/00,31/08/01,E40,,,,,,,hectare
border,plant_farming,Bande tampon,Border,plant,,01/10/00,31/08/01,,,,,,,,hectare
border_field,plant_farming,Bordure de champ,Border,plant,,01/10/00,31/08/01,,,,,,,,hectare
border_forest,plant_farming,Bordure de forêt,Border,plant,,01/10/00,31/08/01,,,,,,,,hectare
broad_bean,plant_farming,Fève,Broad bean,vicia_faba,grain,01/10/00,31/05/01,ZBS,,,fabaceae,vicia_faba,fruit_seed,,hectare
broccoli,plant_farming,Brocoli,Broccoli,brassica_oleracea_italica,vegetable,01/06/00,30/10/00,ZBB,,,brassicaceae,brassica_oleracea,stem_leaf_inflorescence,,hectare
bromus,plant_farming,Brôme,Bromus,bromus,fodder,01/10/00,31/08/01,ZAT,,5,,,,,hectare
brussels_sprout,plant_farming,Chou de Bruxelles,Brussels sprout,brassica_oleracea_gemmifera,vegetable,01/04/00,31/10/00,ZBB,,,brassicaceae,brassica_oleracea,stem_leaf_inflorescence,,hectare
buckwheat,plant_farming,Sarrasin,Buckwheat,fagopyrum_esculentum,grain,01/05/00,30/10/00,ZEH,,,,,,,hectare
bugle,plant_farming,Bugle rampant,Bugle,ajuga_reptans,plant,01/10/00,31/08/01,E52,,,,,,,hectare
burdock,plant_farming,Bardane,Burdock,arctium,plant,01/03/00,31/08/00,E35,,,,,,,hectare
butternut_squash,plant_farming,Butternut,Butternut squash,cucurbita_moschata,vegetable,01/08/00,31/10/00,E90,,,cucurbitaceae,cucurbita_moschata,fruit_seed,,hectare
cabbage,plant_farming,Chou,Cabbage,brassica_oleracea,vegetable,01/05/00,31/01/01,ZBB,,,,,,,hectare
camelina,plant_farming,Cameline,Camelina,camelina_sativa,grain,01/10/00,31/08/01,E54,,,,,,,hectare
caraway,plant_farming,Carvi,Caraway,carum_carvi,grain,01/10/00,31/08/01,E59,,5,,,,,hectare
carob,plant_farming,Caroube,Carob,ceratonia_siliqua,fruit,01/10/00,31/08/01,E57,,5,,,,,hectare
carrot,plant_farming,Carotte,Carrot,daucus_carota,vegetable,01/03/00,30/10/00,ZAV,,,apiaceae,daucus_carota,root_tuber_bulb,,hectare
cassava,plant_farming,Manioc,Cassava,manihot_esculenta,vegetable,01/04/00,30/11/00,I33,,,,,,,hectare
castor_bean,plant_farming,Ricin,Castor bean,ricinus_communis,grain,01/04/00,31/10/00,ZOF,,,,,,,hectare
catjang,plant_farming,Dolique,Catjang,vigna_unguiculata_cylindrica,grain,01/10/00,31/08/01,,,,,,,,hectare
cauliflower,plant_farming,Chou-fleur,Cauliflower,brassica_oleracea_botrytis,vegetable,01/04/00,31/03/01,ZBB,,,brassicaceae,brassica_oleracea,stem_leaf_inflorescence,,hectare
celeriac,plant_farming,Céleri-rave,Celeriac,apium_graveolens_rapaceum,vegetable,01/03/00,30/11/00,ZAX,,,apiaceae,apium_graveolens,root_tuber_bulb,,hectare
celery,plant_farming,Céleri-branche,Celery,apium_graveolens_dulce,vegetable,01/03/00,28/11/00,ZAX,,,apiaceae,apium_graveolens,stem_leaf_inflorescence,,hectare
cereal,plant_farming,Céréale,Cereal,plant,grain,01/10/00,31/08/01,T90,,,,,,,hectare
cereal_mix,plant_farming,Mélange de céréales,Cereal mix,plant,grain,01/10/00,31/07/01,,,,,,,,hectare
chamomile,plant_farming,Camomille,Chamomile,chamaemelum,flower,01/02/00,30/11/00,E55,,,,,,,hectare
chard,plant_farming,Bette,Chard,beta_vulgaris_cicla,vegetable,01/05/00,30/09/00,,,,chenopodiaceae,beta_vulgaris,stem_leaf_inflorescence,,hectare
cherry,plant_farming,Cerise,Cherry,prunus_cerasus,fruit,01/03/00,28/11/00,E67,,20,,,,,hectare
cherry_laurel,plant_farming,Laurier cerise,Cherry laurel,prunus_laurocerasus,,01/04/00,31/10/00,I51,,20,,,,,hectare
chervil,plant_farming,Cerfeuil,Chervil,anthriscus_cerefolium,plant,01/10/00,31/08/01,ZAY,,,,,,,hectare
chesnut,plant_farming,Châtaigne,Chesnut,castanea,fruit,01/05/00,30/09/00,E69,,25,,,,,hectare
chickpea,plant_farming,Pois chiche,Chickpea,cicer_arietinum,grain,01/03/00,31/08/00,ZOD,,,,,,,hectare
chili,plant_farming,Piment,Chili,capsicum,vegetable,01/05/00,31/07/00,G11,,,solanaceae,capsicum_annuum,fruit_seed,,hectare
chive,plant_farming,Ciboulette,Chive,allium_schoenoprasum,plant,01/04/00,30/11/00,E82,,,,,,,hectare
citrus,plant_farming,Agrume,Citrus,rutaceae,fruit,01/11/00,31/10/01,,,15,,,,,hectare
clementine,plant_farming,Clémentine,Clementine,citrus_clementina,fruit,01/03/00,28/02/01,E85,,15,,,,,hectare
clover,plant_farming,Trèfle,Clover,trifolium,fodder,01/04/00,31/10/00,ZMF,,5,,,,,hectare
cocksfoot,plant_farming,Dactyle,Cocksfoot,dactylis,fodder,01/04/00,30/09/00,ZBJ,,5,,,,,hectare
cocoa,plant_farming,Cacao,Cocoa,theobroma_cacao,fruit,01/10/00,31/08/01,,,20,,,,,hectare
coffee,plant_farming,Café,Coffee,coffea,grain,01/10/00,31/08/01,,,20,,,,,hectare
common_daisy,plant_farming,Pâquerette,Common daisy,bellis_perennis,flower,01/05/00,30/04/01,,,,,,,,hectare
common_vetch,plant_farming,Vesce,Common vetch,vicia_sativa,fodder,01/03/00,31/10/00,ZMK,,,,,,,hectare
coriander,plant_farming,Coriandre,Coriander,coriandrum_sativum,grain,01/04/00,31/10/00,E88,,,,,,,hectare
cornflower,plant_farming,Bleuet,Cornflower,centaurea_cyanus,flower,01/10/00,31/08/01,E62,,,,,,,hectare
cornsalad,plant_farming,Mâche,Cornsalad,valerianella_locusta,vegetable,01/05/00,31/03/01,ZCR,,,valerianaceae,valerianella_locusta,stem_leaf_inflorescence,,hectare
cotton,plant_farming,Coton,Cotton,gossypium,plant,01/04/00,31/10/00,E89,,,,,,,hectare
cranberry,plant_farming,Canneberge,Cranberry,vaccinium,fruit,01/11/00,31/10/01,,,5,,,,,hectare
cress,plant_farming,Cresson alénois,Cress,lepidium_sativum,vegetable,01/10/00,31/08/01,E92,,,brassicaceae,lepidium_sativum,stem_leaf_inflorescence,,hectare
crop_production,plant_farming,Production végétale,Crop production,plant,plant,01/01/00,31/12/00,,,,,,,,hectare
cucumber,plant_farming,Concombre,Cucumber,cucumis_sativus,vegetable,01/04/00,31/10/00,ZBF,,,cucurbitaceae,cucumis_sativus,fruit_seed,,hectare
cumin,plant_farming,Cumin,Cumin,cuminum,grain,01/10/00,31/08/01,E96,,,,,,,hectare
curly_endive,plant_farming,Chicorée frisée,Curly endive,cichorium_endivia_crispum,vegetable,01/07/00,31/01/01,ZBA,,,asteraceae,cichorium_endivia,root_tuber_bulb,,hectare
dehydrated_alfalfa,plant_farming,Luzerne déshydratée,Dehydrated alfalfa,medicago_sativa,fodder,01/09/00,31/10/01,ZCQ,,5,,,,,hectare
dehydrated_birds_foot,plant_farming,Serradelle déshydratée,Dehydrated birds foot,ornithopus_sativus,fodder,01/03/00,30/09/00,ZEK,,,,,,,hectare
dehydrated_clover,plant_farming,Trèfle déshydraté,Dehydrated clover,trifolium,fodder,01/04/00,31/10/00,ZMF,,5,,,,,hectare
dehydrated_common_vetch,plant_farming,Vesce déshydratée,Dehydrated common vetch,vicia_sativa,fodder,01/10/00,31/07/01,ZMK,,,,,,,hectare
dehydrated_melilot,plant_farming,Mélilot déshydraté,Dehydrated melilot,melilotus,fodder,01/06/00,30/11/00,ZCV,,,,,,,hectare
dehydrated_sainfoin,plant_farming,Sainfoin déshydraté,Dehydrated sainfoin,onobrychis_viciifolia,fodder,01/03/00,28/02/01,ZEC,,,,,,,hectare
dehydrated_tufted_vetch,plant_farming,Jarosse déshydratée,Dehydrated tufted vetch,vicia_cracca,fodder,01/10/00,31/08/01,,,,,,,,hectare
dill,plant_farming,Aneth,Dill,anethum_graveolens,plant,01/04/00,30/09/00,E20,,,,,,,hectare
dried_bean,plant_farming,Haricot sec,Dried bean,phaseolus_vulgaris,vegetable,01/04/00,31/10/00,ZCA,,,,,,,hectare
dried_lentil,plant_farming,Lentille sèche,Dried lentil,lens_culinaris,grain,01/05/00,30/09/00,ZCK,,,,,,,hectare
dried_pea,plant_farming,Pois sec,Dried pea,pisum_sativum,grain,01/02/00,31/07/00,ZDO,,,fabaceae,pisum_sativum,fruit_seed,,hectare
early_turnip,plant_farming,Navet primeur,Early turnip,brassica_rapa_rapa,vegetable,01/03/00,30/06/00,ZDD,,,brassicaceae,brassica_rapa,root_tuber_bulb,,hectare
eggplant,plant_farming,Aubergine,Eggplant,solanum_melongena,vegetable,01/03/00,31/10/00,ZAL,,,solanaceae,solanum_melongena,fruit_seed,,hectare
escarole,plant_farming,Scarole,Escarole,cichorium_endivia_latifolium,vegetable,01/07/00,31/01/01,ZBA,,,asteraceae,cichorium_endivia,root_tuber_bulb,,hectare
eucalyptus,plant_farming,Eucalyptus,Eucalyptus,eucalyptus,plant,01/04/00,31/08/00,I20,,10,,,,,hectare
fagopoyrum_cereal,plant_farming,Céréale de genre Fagopyrum,Fagopoyrum cereal,fagopyrum,grain,01/10/00,31/08/01,T90,,,,,,,hectare
fallow,plant_farming,Jachère,Fallow,plant,,01/10/00,31/08/01,ZCF,,5,,,,,hectare
fennel,plant_farming,Fenouil,Fennel,foeniculum_vulgare,vegetable,01/04/00,31/08/00,ZBO,,,apiaceae,foeniculum_vulgare,stem_leaf_inflorescence,,hectare
fenugreek,plant_farming,Fenugrec,Fenugreek,trigonella_foenum_graecum,grain,01/10/00,31/08/01,F12,,,,,,,hectare
fescue,plant_farming,Fétuque,Fescue,festuca,fodder,01/10/00,31/08/01,ZBR,,5,,,,,hectare
festulolium,plant_farming,Festulolium,Festulolium,x_festulolium,fodder,01/04/00,30/11/00,ZBP,,5,,,,,hectare
fiber_flax,plant_farming,Lin fibres,Fiber flax,linum_usitatissimum,plant,01/03/00,31/08/00,ZCL,,,,,,,hectare
fig,plant_farming,Figue,Fig,ficus_carica,fruit,01/02/00,30/09/00,F17,,15,,,,,hectare
flageolet_bean,plant_farming,Flageolet,Flageolet bean,phaseolus_vulgaris,vegetable,01/04/00,31/10/00,ZCA,,,,,,,hectare
fodder_beetroot,plant_farming,Betterave fourragère,Fodder beetroot,beta_vulgaris_vulgaris,fodder,01/03/00,31/10/00,ZAP,,,,,,,hectare
fodder_cabbage,plant_farming,Chou fourrager,Fodder cabbage,brassica_oleracea,fodder,01/05/00,31/01/01,ZBB,,,,,,,hectare
fodder_carrot,plant_farming,Carotte fourragère,Fodder carrot,daucus_carota,fodder,01/03/00,30/11/00,ZAV,,,,,,,hectare
fodder_lentil,plant_farming,Lentille fourragère,Fodder lentil,lens_culinaris,fodder,01/07/00,31/10/00,ZCK,,,,,,,hectare
fodder_radish,plant_farming,Radis fourrager,Fodder radish,raphanus_sativus,fodder,01/09/00,28/02/01,ZDV,,,,,,,hectare
fodder_specie,plant_farming,Espèce fourragère,Fodder specie,plant,fodder,01/10/00,31/08/01,J07,,,,,,,hectare
fodder_species_mix,plant_farming,Mélange d'espèces fourragères,Fodder species mix,plant,fodder,01/10/00,31/08/01,,,,,,,,hectare
fodder_turnip,plant_farming,Navet fourrager,Fodder turnip,brassica_rapa_rapa,fodder,01/08/00,31/03/01,ZDD,,,,,,,hectare
foxtail_millet,plant_farming,Moha,Foxtail millet,setaria_italica,grain,01/06/00,31/08/00,ZCZ,,,,,,,hectare
fresh_lentil,plant_farming,Lentille fraîche,Fresh lentil,lens_culinaris,grain,01/03/00,31/08/00,ZCK,,,,,,,hectare
galium,plant_farming,Gaillet,Galium,galium,plant,01/10/00,31/08/01,F21,,,,,,,hectare
garlic,plant_farming,Ail,Garlic,allium_sativum,vegetable,01/11/00,31/08/01,ZAG,,,alliaceae,allium_sativum,root_tuber_bulb,,hectare
geranium,plant_farming,Géranium,Geranium,geranium,flower,01/10/00,31/08/01,,,,,,,,hectare
giant_granadilla,plant_farming,Barbadine,Giant granadilla,passiflora_quadrangularis,fruit,01/04/00,31/03/01,,,15,,,,,hectare
grain_corn,plant_farming,Maïs grain,Grain corn,zea_mays,grain,01/04/00,30/11/00,ZCS,,,,,,,hectare
grapefruit,plant_farming,Pamplemousse,Grapefruit,citrus_maxima,fruit,01/03/00,31/12/00,F93,,15,,,,,hectare
green_bean,plant_farming,Haricot vert,Green bean,phaseolus_vulgaris,vegetable,01/03/00,30/10/00,ZCA,,,fabaceae,phaseolus_vulgaris,fruit_seed,,hectare
guava,plant_farming,Goyave,Guava,psidium_guajava,fruit,01/04/00,31/03/01,F27,,15,,,,,hectare
hazelnut,plant_farming,Noisette,Hazelnut,corylus,fruit,01/03/00,30/06/00,F83,,20,,,,,hectare
helianthus_oleaginous,plant_farming,Oléagineux de genre Helianthus,Helianthus oleaginous,helianthus,grain,01/10/00,31/08/01,,,,,,,,hectare
hemp,plant_farming,Chanvre,Hemp,cannabis_sativa,plant,01/05/00,30/09/00,ZAZ,,,,,,,hectare
hop,plant_farming,Houblon,Hop,humulus_lupulus,flower,01/03/00,30/09/00,ZCC,,,,,,,hectare
interrow,plant_farming,Interrang,Interrow,plant,,01/10/00,31/08/01,,,,,,,,hectare
jerusalem_artichoke,plant_farming,Topinambour,Jerusalem artichoke,helianthus_tuberosus,vegetable,01/03/00,30/11/00,G64,,,asteraceae,helianthus_tuberosus,root_tuber_bulb,,hectare
kiwi,plant_farming,Kiwi,Kiwi,actinidia,fruit,01/12/00,30/11/01,F42,,15,,,,,hectare
kohlrabi,plant_farming,Chou-rave,Kohlrabi,brassica_oleracea_gongylodes,vegetable,01/03/00,30/11/00,ZBB,,,brassicaceae,brassica_oleracea,stem_leaf_inflorescence,,hectare
lavandin,plant_farming,Lavandin,Lavandin,lavandula_x_intermedia,flower,01/04/00,31/10/00,F47,,15,,,,,hectare
lavender,plant_farming,Lavande,Lavender,lavandula,flower,01/04/00,31/10/00,F47,,15,,,,,hectare
leek,plant_farming,Poireau,Leek,allium_porrum,vegetable,01/01/00,31/12/00,ZDN,,,alliaceae,allium_porrum,stem_leaf_inflorescence,,hectare
leguminous_mix,plant_farming,Mélange de légumineuses,Leguminous mix,fabaceae,fodder,01/10/00,31/08/01,,,5,,,,,hectare
lemon,plant_farming,Citron,Lemon,citrus_x_limon,fruit,01/04/00,30/11/00,E83,,15,,,,,hectare
lemon_balm,plant_farming,Mélisse,Lemon balm,melissa_officinalis,plant,01/05/00,31/10/00,F65,,,,,,,hectare
lettuce,plant_farming,Laitue,Lettuce,lactuca_sativa,vegetable,01/04/00,31/10/00,ZCJ,,,asteraceae,lactuca_sativa,root_tuber_bulb,,hectare
longan,plant_farming,Longane,Longan,dimocarpus_longan,fruit,01/09/00,31/08/01,,,5,,,,,hectare
mallow,plant_farming,Mauve,Mallow,malva,flower,01/03/00,30/09/00,F60,,,,,,,hectare
mandarin,plant_farming,Mandarine,Mandarin,citrus_reticulata,fruit,01/12/00,30/11/01,F54,,15,,,,,hectare
marian_thistle,plant_farming,Chardon Marie,Marian thistle,silybum_marianum,plant,01/10/00,31/08/01,E68,,,,,,,hectare
marjoram,plant_farming,Marjolaine,Marjoram,origanum_majorana,plant,01/05/00,30/09/00,F56,,,,,,,hectare
meadow,plant_farming,Prairie,Meadow,plant,meadow,01/04/00,30/09/00,ZDU,,5,,,,,hectare
melilot,plant_farming,Mélilot,Melilot,melilotus,fodder,01/06/00,30/11/00,ZCV,,,,,,,hectare
melon,plant_farming,Melon,Melon,cucumis_melo,fruit,01/03/00,31/08/00,ZCW,,,cucurbitaceae,cucumis_melo,fruit_seed,,hectare
millet,plant_farming,Millet,Millet,panicum_miliaceum,grain,01/05/00,31/10/00,ZNG,,,,,,,hectare
mint,plant_farming,Menthe,Mint,mentha,plant,01/03/00,28/02/01,F66,,,,,,,hectare
miscanthus,plant_farming,Miscanthus,Miscanthus,miscanthus,plant,01/03/00,31/08/00,F69,,5,,,,,hectare
mulberry,plant_farming,Mûre (arbre),Mulberry,morus,fruit,01/08/00,31/07/01,F72,,5,,,,,hectare
mustard,plant_farming,Moutarde,Mustard,brassica_nigra,grain,01/03/00,31/08/00,ZDC,,,,,,,hectare
napa_cabbage,plant_farming,Chou chinois,Napa cabbage,brassica_rapa_pekinensis,vegetable,01/06/00,31/08/00,ZNP,,,brassicaceae,brassica_rapa,stem_leaf_inflorescence,,hectare
nectarine,plant_farming,Nectarine,Nectarine,prunus_persica_nucipersica,fruit,01/09/00,31/08/01,,,15,,,,,hectare
nettle,plant_farming,Ortie,Nettle,urtica,plant,01/09/00,31/05/01,F90,,,,,,,hectare
nursery,plant_farming,Pépinière,Nursery,plant,seed,01/01/00,31/12/00,,,,,,,,hectare
nyger,plant_farming,Nyger,Nyger,guizotia_abyssinica,grain,01/07/00,31/12/00,,,,,,,,hectare
oak,plant_farming,Chêne,Oak,quercus,meadow,01/05/00,30/09/00,I14,,50,,,,,hectare
oakleaf,plant_farming,Feuille de chêne,Oakleaf,lactuca_sativa_crispa,vegetable,01/04/00,31/10/00,ZCJ,,,asteraceae,lactuca_sativa,root_tuber_bulb,,hectare
oleaginous,plant_farming,Oléagineux,Oleaginous,plant,grain,01/10/00,31/08/01,,,,,,,,hectare
oleaginous_mix,plant_farming,Mélange d’oléagineux,Oleaginous mix,plant,grain,01/01/00,31/12/00,,,,,,,,hectare
olive,plant_farming,Olive,Olive,olea_europaea,fruit,01/02/00,30/09/00,F86,,25,,,,,hectare
onion,plant_farming,Oignon,Onion,allium_cepa,vegetable,01/02/00,30/09/00,ZDG,,,alliaceae,allium_cepa,root_tuber_bulb,,hectare
opium_poppy,plant_farming,Œillette,Opium poppy,papaver_somniferum,grain,01/03/00,31/08/00,ZDF,,,,,,,hectare
orange,plant_farming,Orange,Orange,citrus_sinensis,fruit,01/02/00,30/09/00,F88,,15,,,,,hectare
orchard,plant_farming,Verger,Orchard,plant,fruit,01/10/00,31/08/01,J01,,25,,,,,hectare
oregano,plant_farming,Origan,Oregano,origanum_vulgare,plant,01/03/00,31/10/00,F89,,5,,,,,hectare
oxeye_daisy,plant_farming,Marguerite,Oxeye daisy,leucanthemum,flower,01/05/00,30/04/01,,,,,,,,hectare
panicum_cereal,plant_farming,Céréale de genre Panicum,Panicum cereal,panicum,grain,01/10/00,31/08/01,T90,,,,,,,hectare
pansy,plant_farming,Pensée,Pansy,viola,flower,01/06/00,30/11/00,G08,,,,,,,hectare
parsley,plant_farming,Persil,Parsley,petroselinum_crispum,plant,01/04/00,31/03/01,ZDK,,,apiaceae,petroselinum_crispum,stem_leaf_inflorescence,,hectare
parsnip,plant_farming,Panais,Parsnip,pastinaca_sativa,vegetable,01/03/00,31/12/00,F94,,,apiaceae,pastinaca_sativa,root_tuber_bulb,,hectare
pea,plant_farming,Petit pois,Pea,pisum_sativum,grain,01/02/00,31/07/00,ZDO,,,fabaceae,pisum_sativum,fruit_seed,,hectare
peach,plant_farming,Pêche,Peach,prunus_persica,fruit,01/03/00,30/09/00,G07,,15,,,,,hectare
peanut,plant_farming,Cacahuète,Peanut,arachis_hypogaea,fruit,01/11/00,31/08/01,,,,,,,,hectare
pear,plant_farming,Poire,Pear,pyrus_communis,fruit,01/05/00,31/07/00,G20,,15,,,,,hectare
pepper,plant_farming,Poivron,Pepper,capsicum_annuum,vegetable,01/05/00,31/07/00,,,,solanaceae,capsicum_annuum,fruit_seed,,hectare
perennial_vegetable,plant_farming,Légume pérenne,Perennial vegetable,plant,vegetable,01/10/00,31/08/01,J01,,5,,,,,hectare
perrenial_ornamental_plant_and_mapp,plant_farming,Plante ornementale et PPAM pérenne,Perrenial ornamental plant and MAPP,plant,plant,01/10/00,31/08/01,,,5,,,,,hectare
persimmon,plant_farming,Kaki,Persimmon,diospyros_kaki,fruit,01/04/00,31/03/01,F40,,5,,,,,hectare
phacelia,plant_farming,Phacélie,Phacelia,phacelia,meadow,01/04/00,31/10/00,ZDL,,5,,,,,hectare
phalaris_cereal,plant_farming,Céréale de genre Phalaris,Phalaris cereal,phalaris,grain,01/10/00,31/08/01,T90,,,,,,,hectare
pickle,plant_farming,Cornichon,Pickle,cucumis_sativus,vegetable,01/04/00,31/10/00,ZBH,,,cucurbitaceae,cucumis_sativus,fruit_seed,,hectare
pineapple,plant_farming,Ananas,Pineapple,ananas_comosus,fruit,01/11/00,31/08/01,E17,,5,,,,,hectare
pistachio,plant_farming,Pistache,Pistachio,pistacia_vera,fruit,01/10/00,30/09/01,G14,,10,,,,,hectare
plum,plant_farming,Prune,Plum,prunus_domestica,fruit,01/04/00,30/11/00,G28,,25,,,,,hectare
potato,plant_farming,Pomme de terre,Potato,solanum_tuberosum,vegetable,01/04/00,31/10/00,ZDS,,,solanaceae,solanum_tuberosum,root_tuber_bulb,,hectare
potato_starch,plant_farming,Pomme de terre féculière,Potato,solanum_tuberosum,vegetable,01/04/00,31/10/00,ZDS,,,solanaceae,solanum_tuberosum,root_tuber_bulb,,hectare
primrose,plant_farming,Primevère,Primrose,primula,flower,01/05/00,30/04/01,G26,,,,,,,hectare
proteaginous,plant_farming,Protéagineux,Proteaginous,fabaceae,grain,01/10/00,31/08/01,,,,,,,,hectare
proteaginous_mix,plant_farming,Mélange de protéagineux,Proteaginous mix,fabaceae,grain,01/10/00,31/07/01,,,,,,,,hectare
pumpkin,plant_farming,Citrouille,Pumpkin,cucurbita_pepo_pepo,vegetable,01/04/00,31/10/00,,,,cucurbitaceae,cucurbita_pepo,fruit_seed,,hectare
purslane,plant_farming,Pourpier,Purslane,portulaca_oleracea,plant,01/06/00,31/08/01,G24,,,,,,,hectare
quince,plant_farming,Coing,Quince,cydonia_oblonga,fruit,01/04/00,31/10/00,E86,,15,,,,,hectare
quinoa,plant_farming,Quinoa,Quinoa,chenopodium_quinoa,grain,01/04/00,30/11/00,J57,,,,,,,hectare
radish,plant_farming,Radis,Radish,raphanus_sativus,vegetable,01/03/00,30/09/00,ZDV,,,brassicaceae,raphanus_sativus,root_tuber_bulb,,hectare
raspberry,plant_farming,Framboise,Raspberry,rubus_idaeus,fruit,01/03/00,31/10/00,ZBW,,15,,,,,hectare
red_kuri,plant_farming,Potimarron,Red kuri,cucurbita_maxima,vegetable,01/04/00,30/11/00,,,,cucurbitaceae,cucurbita_maxima,fruit_seed,,hectare
redcurrant,plant_farming,Groseille,Redcurrant,ribes,fruit,01/03/00,31/10/00,ZBZ,,15,,,,,hectare
rhubarb,plant_farming,Rhubarbe,Rhubarb,rheum_rhabarbarum,vegetable,01/10/00,30/09/01,ZOE,,15,polygonaceae,rheum_rhaponticum,stem_leaf_inflorescence,,hectare
rice,plant_farming,Riz,Rice,oryza_sativa,grain,01/03/00,30/10/00,ZEA,,,,,,,hectare
rocket,plant_farming,Roquette,Rocket,eruca_vesicaria,vegetable,01/09/00,30/06/01,G41,,,,,,,hectare
root_chicory,plant_farming,Chicorée industrielle,Root chicory,cichorium_intybus_sativum,vegetable,01/04/00,30/11/00,ZBA,,,,,,,hectare
rosemary,plant_farming,Romarin,Rosemary,salvia_rosmarinus,plant,01/04/00,31/03/01,G40,,15,,,,,hectare
rough_bluegrass,plant_farming,Pâturin commun,Rough bluegrass,poa_trivialis,fodder,01/01/00,31/03/00,ZDJ,,5,,,,,hectare
rutabaga,plant_farming,Rutabaga,Rutabaga,brassica_napus_rapifera,vegetable,01/05/00,28/02/01,ZEB,,,brassicaceae,brassica_napus,root_tuber_bulb,,hectare
ryegrass,plant_farming,Ray-grass,Ryegrass,lolium,fodder,01/09/00,30/06/01,ZDX,,5,,,,,hectare
annual_ryegrass,plant_farming,Ray-grass annuel,Ryegrass,lolium,fodder,01/09/00,31/08/01,ZDX,,,,,,,hectare
sage,plant_farming,Sauge,Sage,salvia,plant,01/04/00,31/08/00,G49,,,,,,,hectare
sainfoin,plant_farming,Sainfoin,Sainfoin,onobrychis_viciifolia,fodder,01/10/00,31/08/01,ZEC,,,,,,,hectare
salsify,plant_farming,Salsifis,Salsify,tragopogon_porrifolius,vegetable,01/04/00,28/02/01,ZED,,,asteraceae,tragopogon_porrifolius,root_tuber_bulb,,hectare
savory,plant_farming,Sariette,Savory,satureja,plant,01/03/00,30/09/00,G48,,,,,,,hectare
setaria_cereal,plant_farming,Céréale de genre Setaria,Setaria cereal,setaria,grain,01/10/00,31/08/01,T90,,,,,,,hectare
shallot,plant_farming,Échalote,Shallot,allium_cepa_aggregatum,vegetable,01/02/00,31/08/00,ZBK,,,alliaceae,allium_cepa,root_tuber_bulb,,hectare
silage_corn,plant_farming,Maïs ensilage,Silage corn,zea_mays,fodder,01/04/00,30/11/00,ZCS,,,,,,,hectare
sorghum,plant_farming,Sorgho,Sorghum,sorghum,grain,01/05/00,31/10/00,ZNE,,,,,,,hectare
sorghum_cereal,plant_farming,Céréale de genre Sorghum,Sorghum cereal,sorghum,grain,01/10/00,31/08/01,T90,,,,,,,hectare
sorrel,plant_farming,Oseille,Sorrel,rumex,plant,01/04/00,31/03/01,F91,,,,,,,hectare
soy,plant_farming,Soja,Soy,glycine_max,grain,01/05/00,31/10/00,ZEL,,,,,,,hectare
speedwell,plant_farming,Véronique,Speedwell,veronica,plant,01/04/00,31/03/01,G74,,,,,,,hectare
spelt,plant_farming,Épeautre,Spelt,triticum_spelta,grain,01/10/00,31/08/01,ZBM,,,,,,,hectare
spring_avena_cereal,plant_farming,Céréale de printemps de genre Avena,Spring Avena cereal,avena,grain,01/03/00,31/08/00,T90,spring,,,,,,hectare
spring_barley,plant_farming,Orge de printemps,Spring barley,hordeum_vulgare,grain,01/01/00,31/07/00,ZDH,spring,,,,,,hectare
spring_brassica_napus_oleaginous,plant_farming,Oléagineux de printemps d’espèce Brassica napus,Spring Brassica napus oleaginous,brassica_napus,grain,01/10/00,31/08/01,,spring,,,,,,hectare
spring_brassica_rapa_oleaginous,plant_farming,Oléagineux de printemps d’espèce Brassica rapa,Spring Brassica rapa oleaginous,brassica_rapa,grain,01/10/00,31/08/01,,spring,,,,,,hectare
spring_common_wheat,plant_farming,Blé tendre de printemps,Spring common wheat,triticum_aestivum,grain,01/03/00,31/08/00,ZAR,spring,,,,,,hectare
spring_field_bean,plant_farming,Féverole de printemps,Spring field bean,vicia_faba,grain,01/02/00,31/08/00,ZBT,spring,,,,,,hectare
spring_flax,plant_farming,Lin de printemps,Spring flax,linum_usitatissimum,grain,01/03/00,31/08/00,ZCL,spring,,,,,,hectare
spring_fodder_field_bean,plant_farming,Féverole fourragère de printemps,Spring fodder field bean,vicia_faba,fodder,01/02/00,30/09/00,ZBT,spring,,,,,,hectare
spring_fodder_lupin,plant_farming,Lupin fourrager de printemps,Spring fodder lupin,lupinus,fodder,01/03/00,30/09/00,ZCN,spring,,,,,,hectare
spring_fodder_pea,plant_farming,Pois fourrager de printemps,Spring fodder pea,pisum_sativum,fodder,01/02/00,30/09/00,ZDO,spring,,,,,,hectare
spring_hard_wheat,plant_farming,Blé dur de printemps,Spring hard wheat,triticum_durum,grain,01/03/00,31/08/00,ZAQ,spring,,,,,,hectare
spring_hordeum_cereal,plant_farming,Céréale de printemps de genre Hordeum,Spring Hordeum cereal,hordeum,grain,01/03/00,31/08/00,T90,spring,,,,,,hectare
spring_oat,plant_farming,Avoine de printemps,Spring oat,avena_sativa,grain,01/03/00,31/08/00,ZAM,spring,,,,,,hectare
spring_proteaginous_pea,plant_farming,Pois protéagineux de printemps,Spring proteaginous pea,pisum_sativum,fodder,01/02/00,31/07/00,ZDO,spring,,,,,,hectare
spring_rape,plant_farming,Colza de printemps,Spring rape,brassica_napus_napus,grain,01/03/00,31/07/00,ZBE,spring,,,,,,hectare
spring_rye,plant_farming,Seigle de printemps,Spring rye,secale_cereale,grain,01/03/00,31/07/00,ZEJ,spring,,,,,,hectare
spring_secale_cereal,plant_farming,Céréale de printemps de genre Secale,Spring Secale cereal,secale,grain,01/03/00,31/08/00,T90,spring,,,,,,hectare
spring_spinach,plant_farming,Épinard de printemps,Spring spinach,spinacia_oleracea,vegetable,01/02/00,31/05/00,ZBN,spring,,chenopodiaceae,spinacia_oleracea,stem_leaf_inflorescence,,hectare
spring_sweet_lupin,plant_farming,Lupin doux de printemps,Spring sweet lupin,lupinus,grain,01/02/00,30/09/00,ZCN,spring,,,,,,hectare
spring_triticale,plant_farming,Triticale de printemps,Spring triticale,x_triticosecale,grain,01/03/00,31/07/00,ZMI,spring,,,,,,hectare
spring_triticum_cereal,plant_farming,Céréale de printemps de genre Triticum,Spring Triticum cereal,triticum,grain,01/03/00,31/08/00,T90,spring,,,,,,hectare
spring_zea_cereal,plant_farming,Céréale de printemps de genre Zea,Spring Zea cereal,zea,grain,01/03/00,31/08/00,T90,spring,,,,,,hectare
squash,plant_farming,Courge musquée,Squash,cucurbita_moschata,vegetable,01/05/00,30/11/00,E90,,,cucurbitaceae,cucurbita_moschata,fruit_seed,,hectare
st_johns_wort,plant_farming,Millepertuis,St John's wort,hypericum,flower,01/04/00,31/10/00,ZCX,,,,,,,hectare
strawberry,plant_farming,Fraise,Strawberry,fragaria,fruit,01/03/00,31/10/00,ZBV,,,rosaceae,fragaria_ananassa,fruit_seed,,hectare
sugar_cane,plant_farming,Canne à sucre,Sugar cane,saccharum_officinarum,plant,01/02/00,30/11/00,I05,,,,,,,hectare
sugar_pumpkin,plant_farming,Potiron,Sugar pumpkin,cucurbita_maxima,vegetable,01/04/00,30/11/00,G23,,,cucurbitaceae,cucurbita_maxima,fruit_seed,,hectare
summer_field_mustard,plant_farming,Navette d’été,Summer field mustard,brassica_rapa_oleifera,grain,01/04/00,31/10/00,ZDE,summer,,,,,,hectare
sunflower,plant_farming,Tournesol,Sunflower,helianthus_annuus,grain,01/03/00,31/10/00,ZMB,,,,,,,hectare
seed_corn,plant_farming,Maïs semence,Seed corn,zea_mays_saccharata,seed,15/03/00,30/11/00,ZCS,,,poaceae,zea_mays,fruit_seed,,hectare
seed_sunflower,plant_farming,Tournesol semence,Seed sunflower,helianthus_annuus,seed,01/03/00,31/10/00,ZMB,,,,,,,hectare
sweet_corn,plant_farming,Maïs doux,Sweet corn,zea_mays_saccharata,grain,01/04/00,30/11/00,ZCS,,,poaceae,zea_mays,fruit_seed,,hectare
sweet_patato,plant_farming,Patate douce,Sweet patato,ipomoea_batatas,vegetable,01/03/00,30/09/00,F98,,,,,,,hectare
tarragon,plant_farming,Estragon,Tarragon,artemisia_dracunculus,plant,01/05/00,30/09/00,F08,,,,,,,hectare
thyme,plant_farming,Thym,Thyme,thymus,plant,01/04/00,31/03/01,G62,,15,,,,,hectare
timothy,plant_farming,Fléole,Timothy,phleum,fodder,01/10/00,31/08/01,ZBU,,15,,,,,hectare
tobacco,plant_farming,Tabac,Tobacco,nicotiana_tabacum,plant,01/03/00,31/07/00,ZEN,,,,,,,hectare
tomato,plant_farming,Tomate,Tomato,solanum_lycopersicum,vegetable,01/04/00,31/10/00,ZMA,,,solanaceae,solanum_lycopersicum,fruit_seed,,hectare
tufted_vetch,plant_farming,Jarosse,Tufted vetch,vicia_cracca,fodder,01/10/00,31/08/01,T92,,,,,,,hectare
turmeric,plant_farming,Curcuma,Turmeric,curcuma_longa,plant,01/10/00,31/08/01,,,,,,,,hectare
valerian,plant_farming,Valériane,Valerian,valeriana,plant,01/04/00,31/03/01,ZMJ,,15,,,,,hectare
vanilla,plant_farming,Vanille,Vanilla,vanilla,fruit,01/01/00,31/12/00,G73,,20,,,,,hectare
vetiver,plant_farming,Vétiver,Vetiver,chrysopogon,plant,01/04/00,30/11/00,,,,,,,,hectare
vine,vine_farming,Vigne,Vine,vitis,fruit,01/11/00,31/10/01,ZMO,,50,,,,,hectare
walnut,plant_farming,Noix,Walnut,juglans,fruit,01/03/00,30/06/00,F84,,25,,,,,hectare
watercress,plant_farming,Cresson de fontaine,Watercress,nasturtium_officinale,vegetable,01/03/00,31/08/00,E94,,,brassicaceae,nasturtium_officinale,stem_leaf_inflorescence,,hectare
watermelon,plant_farming,Pastèque,Watermelon,citrullus_lanatus,fruit,01/03/00,30/09/00,ZND,,,cucurbitaceae,citrullus_lanatus,fruit_seed,,hectare
white_cabbage,plant_farming,Chou pommé,White cabbage,brassica_oleracea_capitata,vegetable,01/06/00,28/02/01,ZBB,,,brassicaceae,brassica_oleracea,stem_leaf_inflorescence,,hectare
winter_avena_cereal,plant_farming,Céréale d’hiver de genre Avena,Winter Avena cereal,avena,grain,01/10/00,31/08/01,T90,winter,,,,,,hectare
winter_barley,plant_farming,Orge d'hiver,Winter barley,hordeum_vulgare,grain,01/09/00,31/07/01,ZDH,winter,,,,,,hectare
winter_brassica_napus_oleaginous,plant_farming,Oléagineux d’hiver d’espèce Brassica napus,Winter Brassica napus oleaginous,brassica_napus,grain,01/10/00,31/08/01,,winter,,,,,,hectare
winter_brassica_rapa_oleaginous,plant_farming,Oléagineux d’hiver d’espèce Brassica rapa,Winter Brassica rapa oleaginous,brassica_rapa,grain,01/10/00,31/08/01,,winter,,,,,,hectare
winter_common_wheat,plant_farming,Blé tendre d’hiver,Winter common wheat,triticum_aestivum,grain,01/10/00,31/08/01,ZAR,winter,,,,,,hectare
winter_field_bean,plant_farming,Féverole d'hiver,Winter field bean,vicia_faba,grain,01/10/00,31/08/01,ZBT,winter,,,,,,hectare
winter_field_mustard,plant_farming,Navette d’hiver,Winter field mustard,brassica_rapa_oleifera,grain,01/07/00,31/12/00,ZDE,winter,,,,,,hectare
winter_flax,plant_farming,Lin d’hiver,Winter flax,linum_usitatissimum,grain,01/03/00,31/08/00,ZCL,winter,,,,,,hectare
winter_fodder_field_bean,plant_farming,Féverole fourragère d'hiver,Winter fodder field bean,vicia_faba,fodder,01/11/00,30/09/01,ZBT,winter,,,,,,hectare
winter_fodder_lupin,plant_farming,Lupin fourrager d’hiver,Winter fodder lupin,lupinus,fodder,01/10/00,30/09/01,ZCN,winter,,,,,,hectare
winter_fodder_pea,plant_farming,Pois fourrager d’hiver,Winter fodder pea,pisum_sativum,fodder,01/11/00,31/08/01,ZDO,winter,,,,,,hectare
winter_hard_wheat,plant_farming,Blé dur d’hiver,Winter hard wheat,triticum_durum,grain,01/10/00,31/08/01,ZAQ,winter,,,,,,hectare
winter_hordeum_cereal,plant_farming,Céréale d’hiver de genre Hordeum,Winter Hordeum cereal,hordeum,grain,01/10/00,31/08/01,T90,winter,,,,,,hectare
winter_oat,plant_farming,Avoine d’hiver,Winter oat,avena_sativa,grain,01/10/00,31/08/01,ZAM,winter,,,,,,hectare
winter_proteaginous_pea,plant_farming,Pois protéagineux d’hiver,Winter proteaginous pea,pisum_sativum,fodder,01/11/00,31/07/01,ZDO,winter,,,,,,hectare
winter_rape,plant_farming,Colza d’hiver,Winter rape,brassica_napus_napus,grain,01/08/00,31/07/01,ZBE,winter,,,,,,hectare
winter_rye,plant_farming,Seigle d’hiver,Winter rye,secale_cereale,grain,01/09/00,31/07/01,ZEJ,winter,,,,,,hectare
winter_secale_cereal,plant_farming,Céréale d’hiver de genre Secale,Winter Secale cereal,secale,grain,01/10/00,31/08/01,T90,winter,,,,,,hectare
winter_spinach,plant_farming,Épinard d'hiver,Winter spinach,spinacia_oleracea,vegetable,01/06/00,30/04/01,ZBN,winter,,chenopodiaceae,spinacia_oleracea,stem_leaf_inflorescence,,hectare
winter_sweet_lupin,plant_farming,Lupin doux d’hiver,Winter sweet lupin,lupinus,grain,01/09/00,31/08/01,ZCN,winter,,,,,,hectare
winter_triticale,plant_farming,Triticale d’hiver,Winter triticale,x_triticosecale,grain,01/09/00,31/07/01,ZMI,winter,,,,,,hectare
winter_triticum_cereal,plant_farming,Céréale d’hiver de genre Triticum,Winter Triticum cereal,triticum,grain,01/10/00,31/08/01,T90,winter,,,,,,hectare
winter_turnip,plant_farming,Navet d'hiver,Winter turnip,brassica_rapa_rapa,vegetable,01/07/00,28/02/01,ZDD,winter,,brassicaceae,brassica_rapa,root_tuber_bulb,,hectare
withe_pea,plant_farming,Gesse,Withe pea,lathyrus_sativus,grain,01/10/00,31/08/01,I24,,,,,,,hectare
witloof,plant_farming,Endive,Witloof,cichorium_intybus_foliosum,vegetable,01/04/00,30/11/00,,,,asteraceae,cichorium_intybus,root_tuber_bulb,,hectare
wood,plant_farming,Bois,Wood,plant,wood,01/01/00,31/12/00,,,,,,,,hectare
yam,plant_farming,Igname,Yam,dioscorea,vegetable,01/05/00,30/11/00,F33,,,,,,,hectare
ylang_ylang,plant_farming,Ylang-ylang,Ylang ylang,cananga_odorata,flower,01/04/00,31/03/01,,,10,,,,,hectare
zucchini,plant_farming,Courgette,Zucchini,cucurbita_pepo_pepo,vegetable,01/04/00,30/09/00,ZBI,,,cucurbitaceae,cucurbita_pepo,fruit_seed,,hectare
spring_onion,plant_farming,Oignon ciboule,Spring onion,allium_fistulosum,vegetable,01/04/00,30/09/00,,,,alliaceae,allium_fistulosum,root_tuber_bulb,,hectare
cultivated_rocket,plant_farming,Roquette cultivée,Cultivated rocket,eruca_sativa,vegetable,01/04/00,30/09/00,,,,brassicaceae,eruca_sativa,stem_leaf_inflorescence,,hectare
wild_rocket,plant_farming,Roquette sauvage,Wild rocket,diplotaxis_tenuifolia,vegetable,01/04/00,30/09/00,,,,brassicaceae,diplotaxis_tenuifolia,stem_leaf_inflorescence,,hectare
popcorn,plant_farming,Maïs popcorn,Popcorn,zea_mays,grain,01/03/00,15/10/00,ZCS,,,,,,yellow,hectare
summery_cover,plant_farming,Couvert estival,Summer cover,zea_mays,grain,01/07/00,31/08/01,,,,,,,orange,hectare
wintry_cover,plant_farming,Couvert hivernal,Winter cover,zea_mays,grain,01/09/00,28/02/01,,,,,,,brown,hectare
relay_cover,plant_farming,Couvert relais,Relay cover,zea_mays,grain,01/07/00,28/02/01,,,,,,,lightgrey,hectare
early_seasonal_carrot,plant_farming,Carotte primeurs,Carrot,daucus_carota,vegetable,01/10/00,30/04/01,ZAV,,,apiaceae,daucus_carota,root_tuber_bulb,,hectare
autumn_seasonal_carrot,plant_farming,Carotte Automne,Carrot,daucus_carota,vegetable,01/06/00,30/11/00,ZAV,,,apiaceae,daucus_carota,root_tuber_bulb,,hectare
summer_seasonal_carrot,plant_farming,Carotte Ete,Carrot,daucus_carota,vegetable,01/01/00,30/08/00,ZAV,,,apiaceae,daucus_carota,root_tuber_bulb,,hectare
inter_crop_energy,plant_farming,Culture Intermédiare Vocation Energétique,Intermediate Crop for Energy,plant,fodder,01/01/00,31/12/00,,,,,,,,hectare
inter_crop,plant_farming,Culture Intermédiare,Intermediate Crop,plant,fodder,01/01/00,31/12/00,,,,,,,,hectare
spring_fallow,plant_farming,Jachère,Fallow,plant,fodder,01/01/00,31/12/00,ZCF,,5,,,,,hectare
agroforestry,plant_farming,Agroforesterie,Agroforestry,,mixed,01/01/00,31/12/00,,,20,,,,,hectare
aquaponics,plant_farming,Aquaponie,Aquaponics,,vegetable,01/01/00,31/12/00,,,20,,,,,hectare
christmas_tree,plant_farming,Sapin de Noël,Christmas tree,,ornamental,01/01/00,31/12/00,,,20,,,,,hectare
cut_flower,plant_farming,Fleurs coupées,Cut flowers,,flower,01/01/00,31/12/00,,,20,,,,,hectare
edible_flower,plant_farming,Fleurs comestibles,Edible flowers,,flower,01/01/00,31/12/00,,,20,,,,,hectare
energy_wood,plant_farming,Bois énergie,Energy wood,,wood_energy,01/01/00,31/12/00,,,20,,,,,hectare
forestry,plant_farming,Sylviculture,Forestry,,wood,01/01/00,31/12/00,,,20,,,,,hectare
fruit_nursery,plant_farming,Pépinière fruitière,Fruit nursery,,plant,01/01/00,31/12/00,,,20,,,,,hectare
hydroponics,plant_farming,Hydroponie,Hydroponics,,vegetable,01/01/00,31/12/00,,,20,,,,,hectare
mushroom,plant_farming,Champignons de Paris,Button mushroom,,vegetable,01/01/00,31/12/00,,,20,,,,,hectare
oyster_mushroom,plant_farming,Pleurote,Oyster mushroom,,vegetable,01/01/00,31/12/00,,,20,,,,,hectare
poplar,plant_farming,Peuplier,Poplar,,wood,01/01/00,31/12/00,,,20,,,,,hectare
seaweed,plant_farming,Algues marines,Seaweed,,alga,01/01/00,31/12/00,,,20,,,,,hectare
seed_cereal,plant_farming,Production de semences céréalières,Cereal seed production,,seed,01/01/00,31/12/00,,,20,,,,,hectare
seed_forage,plant_farming,Production de semences fourragères,Forage seed production,,seed,01/01/00,31/12/00,,,20,,,,,hectare
seed_vegetable,plant_farming,Production de semences potagères,Vegetable seed production,,seed,01/01/00,31/12/00,,,20,,,,,hectare
shiitake,plant_farming,Shiitake,Shiitake,,vegetable,01/01/00,31/12/00,,,20,,,,,hectare
spirulina,plant_farming,Spiruline,Spirulina,,alga,01/01/00,31/12/00,,,20,,,,,hectare
truffle,plant_farming,Truffe,Truffle,,fruit,01/01/00,31/12/00,,,20,,,,,hectare
vegetable_seedling,plant_farming,Plants maraîchers,Vegetable seedlings,,plant,01/01/00,31/12/00,,,20,,,,,hectare
vertical_farming,plant_farming,Agriculture verticale,Vertical farming,,vegetable,01/01/00,31/12/00,,,20,,,,,hectare
vine_nursery,vine_farming,Pépinière viticole,Vine nursery,vitis,plant,01/01/00,31/12/00,,,20,,,,,hectare
