n,name,article_id,price,currency,packaging,date
1,7800132_bulk,7800132,1.89,euro,liter_bulk,01/01/2020
2,2100030_bulk,2100030,6,euro,kilo_bulk,01/01/2020
3,2100108_bulk,2100108,53,euro,liter_bulk,01/01/2020
4,2080098_bulk,2080098,105,euro,liter_bulk,01/01/2020
5,2160724_bulk,2160724,42,euro,liter_bulk,01/01/2020
6,2080102_bulk,2080102,44,euro,liter_bulk,01/01/2020
7,2110104_bulk,2110104,30,euro,liter_bulk,01/01/2020
8,2090153_bulk,2090153,70,euro,kilo_bulk,01/01/2020
9,2130083_bulk,2130083,70,euro,liter_bulk,01/01/2020
10,8800395_bulk,8800395,74,euro,liter_bulk,01/01/2020
11,9900047_bulk,9900047,46,euro,liter_bulk,01/01/2020
12,2200317_bulk,2200317,75,euro,liter_bulk,01/01/2020
13,9000490_bulk,9000490,20,euro,liter_bulk,01/01/2020
14,2180229_bulk,2180229,30,euro,liter_bulk,01/01/2020
15,8800199_bulk,8800199,44,euro,liter_bulk,01/01/2020
16,9600093_bulk,9600093,23,euro,liter_bulk,01/01/2020
17,2170757_bulk,2170757,22,euro,liter_bulk,01/01/2020
18,9200078_bulk,9200078,16,euro,liter_bulk,01/01/2020
19,2060118_bulk,2060118,35,euro,liter_bulk,01/01/2020
20,9000222_bulk,9000222,4.9,euro,liter_bulk,01/01/2020
21,2000018_bulk,2000018,2.5,euro,kilo_bulk,01/01/2020
22,2100030_bulk,2100030,5,euro,kilo_bulk,01/01/2021
23,9000490_bulk,9000490,21.7,euro,liter_bulk,01/01/2021
24,2000018_bulk,2000018,1.5,euro,kilo_bulk,01/01/2021
25,9700070_bulk,9700070,50,euro,kilo_bulk,01/01/2021
26,9500452_bulk,9500452,5.14,euro,kilo_bulk,01/01/2021
27,9200214_bulk,9200214,1.31,euro,kilo_bulk,01/01/2021
28,2110059_bulk,2110059,16.7,euro,kilo_bulk,01/01/2021
29,2090132_bulk,2090132,29.3,euro,liter_bulk,01/01/2021
30,9800420_bulk,9800420,35,euro,liter_bulk,01/01/2021
31,2100181_bulk,2100181,19.8,euro,kilo_bulk,01/01/2021
32,2100221_bulk,2100221,18.9,euro,kilo_bulk,01/01/2021
33,2120132_bulk,2120132,17.9,euro,kilo_bulk,01/01/2021
34,2130152_bulk,2130152,169.8,euro,liter_bulk,01/01/2021
35,2060050_bulk,2060050,86.5,euro,liter_bulk,01/01/2021
36,9900227_bulk,9900227,16.3,euro,liter_bulk,01/01/2021
37,9200436_bulk,9200436,9.9,euro,liter_bulk,01/01/2021
38,8900564_bulk,8900564,63.7,euro,liter_bulk,01/01/2021
39,9500432_bulk,9500432,120.2,euro,liter_bulk,01/01/2021
40,2140110_bulk,2140110,29,euro,liter_bulk,01/10/2021
41,2140040_bulk,2140040,15.8,euro,liter_bulk,01/10/2021
42,2130059_bulk,2130059,41,euro,liter_bulk,01/10/2021
43,2120206_bulk,2120206,34,euro,liter_bulk,01/10/2021
44,2010280_bulk,2010280,31,euro,liter_bulk,01/10/2021
45,2180463_bulk,2180463,2.4,euro,kilo_bulk,01/10/2021
46,8600243_bulk,8600243,19.39,euro,liter_bulk,01/01/2021
47,2000324_bulk,2000324,67.95,euro,liter_bulk,01/01/2021
48,9300571_bulk,9300571,6.1,euro,kilo_bulk,01/01/2021
49,9700114_bulk,9700114,1,euro,kilo_bulk,01/01/2021
50,7200313_bulk,7200313,18.7,euro,liter_bulk,01/01/2021
51,2000517_bulk,2000517,15.8,euro,liter_bulk,01/01/2021
52,2000327_bulk,2000327,20,euro,liter_bulk,01/01/2021
53,2100041_bulk,2100041,20,euro,liter_bulk,01/01/2021
54,2150081_bulk,2150081,20,euro,liter_bulk,01/01/2021
55,2180380_bulk,2180380,20,euro,liter_bulk,01/01/2021
56,2150074_bulk,2150074,20,euro,liter_bulk,01/01/2021
57,2080038_bulk,2080038,20,euro,liter_bulk,01/01/2021
58,2130075_bulk,2130075,4.75,euro,kilo_bulk,01/12/2016
59,9800277_bulk,9800277,20.35,euro,liter_bulk,01/12/2016
60,2100112_bulk,2100112,9.78,euro,liter_bulk,01/12/2016
61,2110178_bulk,2110178,40.23,euro,liter_bulk,01/12/2016
62,2200102_bulk,2200102,40.23,euro,liter_bulk,01/12/2016
63,2140186_bulk,2140186,72.89,euro,kilo_bulk,01/12/2016
64,2090050_bulk,2090050,72.89,euro,kilo_bulk,01/12/2016
65,2100229_bulk,2100229,20.35,euro,liter_bulk,01/12/2016
66,2150028_bulk,2150028,20.35,euro,liter_bulk,01/12/2016
67,2150483_bulk,2150483,72.89,euro,kilo_bulk,01/12/2016
68,2150964_bulk,2150964,72.89,euro,kilo_bulk,01/12/2016
69,8700020_bulk,8700020,20.35,euro,liter_bulk,01/12/2016
70,8700035_bulk,8700035,72.89,euro,liter_bulk,01/12/2016
71,9700095_bulk,9700095,6,euro,liter_bulk,01/01/2020
72,9400076_bulk,9400076,4,euro,liter_bulk,01/01/2020
73,2100141_bulk,2100141,4,euro,liter_bulk,01/01/2020
74,2160725_bulk,2160725,5,euro,liter_bulk,01/01/2020
75,9400478_bulk,9400478,5,euro,liter_bulk,01/01/2020
76,2100072_bulk,2100072,15,euro,liter_bulk,01/01/2020
77,2140022_bulk,2140022,8,euro,liter_bulk,01/01/2020
78,2150493_bulk,2150493,47,euro,liter_bulk,01/01/2020
79,2060001_bulk,2060001,29,euro,liter_bulk,01/01/2020
80,9900394_bulk,9900394,40,euro,liter_bulk,01/01/2020
81,2010272_bulk,2010272,4,euro,liter_bulk,01/01/2020
82,2140098_bulk,2140098,32,euro,liter_bulk,01/01/2020
83,8400574_bulk,8400574,23,euro,liter_bulk,01/01/2020
84,2000044_bulk,2000044,31,euro,liter_bulk,01/01/2020
85,9500040_bulk,9500040,38,euro,liter_bulk,01/01/2020
86,2010427_bulk,2010427,63,euro,liter_bulk,01/01/2020
87,2140105_bulk,2140105,65,euro,liter_bulk,01/01/2020
88,9900115_bulk,9900115,31,euro,liter_bulk,01/01/2020
89,2120075_bulk,2120075,35,euro,liter_bulk,01/01/2020
90,2090011_bulk,2090011,15,euro,liter_bulk,01/01/2020
91,9800343_bulk,9800343,28,euro,liter_bulk,01/01/2020
92,2020474_bulk,2020474,22,euro,liter_bulk,01/01/2020
93,2030010_bulk,2030010,35,euro,liter_bulk,01/01/2020
94,8400528_bulk,8400528,35,euro,liter_bulk,01/01/2020
95,8800603_bulk,8800603,18,euro,liter_bulk,01/01/2020
96,9800018_bulk,9800018,19,euro,liter_bulk,01/01/2020
97,2110063_bulk,2110063,310,euro,liter_bulk,01/01/2020
98,2190062_bulk,2190062,160,euro,liter_bulk,01/01/2020
99,2190160_bulk,2190160,23,euro,liter_bulk,01/01/2020
100,2100185_bulk,2100185,25,euro,liter_bulk,01/01/2020
101,2070221_bulk,2070221,32,euro,liter_bulk,01/01/2020
102,2090112_bulk,2090112,27,euro,liter_bulk,01/01/2020
103,2170158_bulk,2170158,40,euro,liter_bulk,01/01/2020
104,2110098_bulk,2110098,47,euro,liter_bulk,01/01/2020
105,2120076_bulk,2120076,52,euro,liter_bulk,01/01/2020
106,2160324_bulk,2160324,65,euro,liter_bulk,01/01/2020
107,2110115_bulk,2110115,10,euro,liter_bulk,01/01/2020
108,2010282_bulk,2010282,10,euro,liter_bulk,01/01/2020
109,2100026_bulk,2100026,51,euro,liter_bulk,01/01/2020
110,2010023_bulk,2010023,14,euro,liter_bulk,01/01/2020
111,9800336_bulk,9800336,73,euro,liter_bulk,01/01/2020
112,2130251_bulk,2130251,98,euro,liter_bulk,01/01/2020
113,2190016_bulk,2190016,12,euro,liter_bulk,01/01/2020
114,2090041_bulk,2090041,192,euro,liter_bulk,01/01/2020
115,2080125_bulk,2080125,333,euro,kilo_bulk,01/01/2020
116,2140207_bulk,2140207,77,euro,liter_bulk,01/01/2020
117,2110082_bulk,2110082,373,euro,kilo_bulk,01/01/2020
118,9600197_bulk,9600197,520,euro,kilo_bulk,01/01/2020
119,8700118_bulk,8700118,23,euro,liter_bulk,01/01/2020
120,2140257_bulk,2140257,40,euro,liter_bulk,01/01/2020
121,2000205_bulk,2000205,383,euro,kilo_bulk,01/01/2020
122,8800827_bulk,8800827,15,euro,liter_bulk,01/01/2020
123,2110095_bulk,2110095,47,euro,liter_bulk,01/01/2020
124,2100138_bulk,2100138,35,euro,liter_bulk,01/01/2020
125,2010240_bulk,2010240,21,euro,liter_bulk,01/01/2020
126,9000184_bulk,9000184,10,euro,liter_bulk,01/01/2020
127,2120131_bulk,2120131,15,euro,liter_bulk,01/01/2020
128,2120049_bulk,2120049,125,euro,liter_bulk,01/01/2020
129,2130242_bulk,2130242,16,euro,liter_bulk,01/01/2020
130,9900340_bulk,9900340,12,euro,liter_bulk,01/01/2020
131,9600370_bulk,9600370,12.5,euro,liter_bulk,01/01/2020
132,9100296_bulk,9100296,10,euro,liter_bulk,01/01/2020
133,9900202_bulk,9900202,175,euro,kilo_bulk,01/01/2020
134,2130140_bulk,2130140,18,euro,liter_bulk,01/01/2020
135,2130068_bulk,2130068,77,euro,liter_bulk,01/01/2020
136,2070184_bulk,2070184,11,euro,liter_bulk,01/01/2020
137,2110151_bulk,2110151,14.5,euro,liter_bulk,01/01/2020
138,2100069_bulk,2100069,215,euro,liter_bulk,01/01/2020
139,8700462_bulk,8700462,10,euro,liter_bulk,01/01/2020
140,8600232_bulk,8600232,194,euro,kilo_bulk,01/01/2020
141,2110077_bulk,2110077,35,euro,liter_bulk,01/01/2020
142,2150484_bulk,2150484,102,euro,liter_bulk,01/01/2020
143,9000259_bulk,9000259,772,euro,kilo_bulk,01/01/2020
144,2100009_bulk,2100009,237,euro,kilo_bulk,01/01/2020
145,2080094_bulk,2080094,243,euro,kilo_bulk,01/01/2020
146,2100235_bulk,2100235,46,euro,liter_bulk,01/01/2020
147,2170208_bulk,2170208,116,euro,kilo_bulk,01/01/2020
148,2130069_bulk,2130069,77,euro,liter_bulk,01/01/2020
149,2110072_bulk,2110072,227,euro,kilo_bulk,01/01/2020
150,2090042_bulk,2090042,210,euro,kilo_bulk,01/01/2020
151,2140152_bulk,2140152,43,euro,liter_bulk,01/01/2020
152,2140199_bulk,2140199,135,euro,kilo_bulk,01/01/2020
153,2060063_bulk,2060063,150,euro,kilo_bulk,01/01/2020
154,2120066_bulk,2120066,19,euro,liter_bulk,01/01/2020
155,2160936_bulk,2160936,58,euro,liter_bulk,01/01/2020
156,2010537_bulk,2010537,300,euro,kilo_bulk,01/01/2020
157,2110103_bulk,2110103,352,euro,kilo_bulk,01/01/2020
158,2090072_bulk,2090072,765,euro,kilo_bulk,01/01/2020
159,8900681_bulk,8900681,12,euro,liter_bulk,01/01/2020
160,9600195_bulk,9600195,30,euro,liter_bulk,01/01/2020
161,2010239_bulk,2010239,17,euro,liter_bulk,01/01/2020
162,2100140_bulk,2100140,30,euro,liter_bulk,01/01/2020
163,2160208_bulk,2160208,20,euro,liter_bulk,01/01/2020
164,2160005_bulk,2160005,22,euro,liter_bulk,01/01/2020
165,2170933_bulk,2170933,55,euro,kilo_bulk,01/01/2020
166,2010030_bulk,2010030,27,euro,liter_bulk,01/01/2020
167,9100046_bulk,9100046,21,euro,liter_bulk,01/01/2020
168,2160384_bulk,2160384,53,euro,liter_bulk,01/01/2020
169,2140082_bulk,2140082,40,euro,liter_bulk,01/01/2020
